strategy,detection_time,amplification_risk
random,25.3125,0.7422560307017544
degree,20.104166666666668,0.6811951754385964
betweenness,25.329166666666666,0.6990816885964911
community,24.5375,0.7116913377192983
